{
    "$schema": "https://schema.management.azure.com/schemas/2015-01-01/deploymentParameters.json#",
    "contentVersion": "1.0.0.0",
    "parameters": {
        "sites_SentiaEurope_name": {
            "value": null
        },
        "sites_SentiaAmerica_name": {
            "value": null
        },
        "vaults_SentiaKV_name": {
            "value": null
        },
        "components_SentiaEurope_name": {
            "value": null
        },
        "components_SentiaAmerica_name": {
            "value": null
        },
        "trafficManagerProfiles_SentiaTM_name": {
            "value": null
        },
        "serverfarms_ASP_SentiaResource_a061_name": {
            "value": null
        },
        "serverfarms_ASP_SentiaResource_a50e_name": {
            "value": null
        },
        "storageAccounts_sentiastorageaccount_name": {
            "value": null
        },
        "virtualNetworks_SentiaPrivateNetworkWE_name": {
            "value": null
        },
        "certificates_SentiaKV_SentiaEuropeCertificate_name": {
            "value": null
        },
        "certificates_SentiaKV_SentiaAmericaCertificate_name": {
            "value": null
        }
    }
}