{
    "$schema": "https://schema.management.azure.com/schemas/2015-01-01/deploymentTemplate.json#",
    "contentVersion": "1.0.0.0",
    "parameters": {
        "sites_SentiaEurope_name": {
            "defaultValue": "SentiaEurope",
            "type": "String"
        },
        "sites_SentiaAmerica_name": {
            "defaultValue": "SentiaAmerica",
            "type": "String"
        },
        "vaults_SentiaKV_name": {
            "defaultValue": "SentiaKV",
            "type": "String"
        },
        "components_SentiaEurope_name": {
            "defaultValue": "SentiaEurope",
            "type": "String"
        },
        "components_SentiaAmerica_name": {
            "defaultValue": "SentiaAmerica",
            "type": "String"
        },
        "trafficManagerProfiles_SentiaTM_name": {
            "defaultValue": "SentiaTM",
            "type": "String"
        },
        "serverfarms_ASP_SentiaResource_a061_name": {
            "defaultValue": "ASP-SentiaResource-a061",
            "type": "String"
        },
        "serverfarms_ASP_SentiaResource_a50e_name": {
            "defaultValue": "ASP-SentiaResource-a50e",
            "type": "String"
        },
        "storageAccounts_sentiastorageaccount_name": {
            "defaultValue": "sentiastorageaccount",
            "type": "String"
        },
        "virtualNetworks_SentiaPrivateNetworkWE_name": {
            "defaultValue": "SentiaPrivateNetworkWE",
            "type": "String"
        },
        "certificates_SentiaKV_SentiaEuropeCertificate_name": {
            "defaultValue": "SentiaKV-SentiaEuropeCertificate",
            "type": "String"
        },
        "certificates_SentiaKV_SentiaAmericaCertificate_name": {
            "defaultValue": "SentiaKV-SentiaAmericaCertificate",
            "type": "String"
        }
    },
    "variables": {},
    "resources": [
        {
            "type": "microsoft.insights/components",
            "apiVersion": "2015-05-01",
            "name": "[parameters('components_SentiaAmerica_name')]",
            "location": "centralus",
            "tags": {
                "Environment": "Test",
                "Resource Group": "Application",
                "Geographic Location": "America"
            },
            "kind": "web",
            "properties": {
                "Application_Type": "web",
                "Request_Source": "IbizaWebAppExtensionCreate"
            }
        },
        {
            "type": "microsoft.insights/components",
            "apiVersion": "2015-05-01",
            "name": "[parameters('components_SentiaEurope_name')]",
            "location": "westeurope",
            "tags": {
                "Environment": "Test",
                "Resource Group": "Application",
                "Geographic Location": "Europe"
            },
            "kind": "web",
            "properties": {
                "Application_Type": "web",
                "Request_Source": "IbizaWebAppExtensionCreate"
            }
        },
        {
            "type": "Microsoft.KeyVault/vaults",
            "apiVersion": "2016-10-01",
            "name": "[parameters('vaults_SentiaKV_name')]",
            "location": "westeurope",
            "tags": {
                "Environment": "Test",
                "Resource Group": "Authentication"
            },
            "properties": {
                "sku": {
                    "family": "A",
                    "name": "Standard"
                },
                "tenantId": "923f8b1c-51bd-4517-a37f-df0af243382a",
                "accessPolicies": [
                    {
                        "tenantId": "923f8b1c-51bd-4517-a37f-df0af243382a",
                        "objectId": "c66aa42d-213f-4530-9dc7-c157bcbb6a0f",
                        "permissions": {
                            "keys": [
                                "Get",
                                "List",
                                "Update",
                                "Create",
                                "Import",
                                "Delete",
                                "Recover",
                                "Backup",
                                "Restore",
                                "Decrypt",
                                "Encrypt",
                                "UnwrapKey",
                                "WrapKey",
                                "Verify",
                                "Sign",
                                "Purge"
                            ],
                            "secrets": [
                                "Get",
                                "List",
                                "Set",
                                "Delete",
                                "Recover",
                                "Backup",
                                "Restore",
                                "Purge"
                            ],
                            "certificates": [
                                "Get",
                                "List",
                                "Update",
                                "Create",
                                "Import",
                                "Delete",
                                "Recover",
                                "Backup",
                                "Restore",
                                "ManageContacts",
                                "ManageIssuers",
                                "GetIssuers",
                                "ListIssuers",
                                "SetIssuers",
                                "DeleteIssuers",
                                "Purge"
                            ]
                        }
                    },
                    {
                        "tenantId": "923f8b1c-51bd-4517-a37f-df0af243382a",
                        "objectId": "0b127902-7f8f-43c7-b88b-159ca87c03dc",
                        "permissions": {
                            "secrets": [
                                "Get",
                                "List",
                                "Set",
                                "Delete",
                                "Recover",
                                "Backup",
                                "Restore",
                                "Purge"
                            ],
                            "certificates": [
                                "Get",
                                "List",
                                "Update",
                                "Create",
                                "Import",
                                "Delete",
                                "Recover",
                                "Backup",
                                "Restore",
                                "ManageContacts",
                                "ManageIssuers",
                                "GetIssuers",
                                "ListIssuers",
                                "SetIssuers",
                                "DeleteIssuers",
                                "Purge"
                            ],
                            "keys": [
                                "Get",
                                "List",
                                "Update",
                                "Create",
                                "Import",
                                "Delete",
                                "Recover",
                                "Backup",
                                "Restore",
                                "Decrypt",
                                "Encrypt",
                                "UnwrapKey",
                                "WrapKey",
                                "Verify",
                                "Sign",
                                "Purge"
                            ]
                        }
                    },
                    {
                        "tenantId": "923f8b1c-51bd-4517-a37f-df0af243382a",
                        "objectId": "b093f264-802f-476b-bb5b-b0974a99e94a",
                        "permissions": {
                            "keys": [
                                "Get",
                                "WrapKey",
                                "UnwrapKey"
                            ],
                            "secrets": [],
                            "certificates": []
                        }
                    }
                ],
                "enabledForDeployment": false,
                "enabledForDiskEncryption": false,
                "enabledForTemplateDeployment": true,
                "enableSoftDelete": true
            }
        },
        {
            "type": "Microsoft.Network/virtualNetworks",
            "apiVersion": "2019-06-01",
            "name": "[parameters('virtualNetworks_SentiaPrivateNetworkWE_name')]",
            "location": "westeurope",
            "tags": {
                "Environment": "Test",
                "Resource Group": "Network"
            },
            "properties": {
                "provisioningState": "Succeeded",
                "resourceGuid": "0ac362aa-5da8-46ab-8484-d40b6dd61d11",
                "addressSpace": {
                    "addressPrefixes": [
                        "10.1.0.0/16"
                    ]
                },
                "subnets": [
                    {
                        "name": "SentiaPrivateSubnet",
                        "etag": "W/\"8e8d512b-f67b-4a87-b522-4b1b2de895c8\"",
                        "properties": {
                            "provisioningState": "Succeeded",
                            "addressPrefix": "10.1.0.0/24",
                            "delegations": [],
                            "privateEndpointNetworkPolicies": "Enabled",
                            "privateLinkServiceNetworkPolicies": "Enabled"
                        }
                    }
                ],
                "virtualNetworkPeerings": [],
                "enableDdosProtection": false,
                "enableVmProtection": false
            }
        },
        {
            "type": "Microsoft.Storage/storageAccounts",
            "apiVersion": "2019-04-01",
            "name": "[parameters('storageAccounts_sentiastorageaccount_name')]",
            "location": "westeurope",
            "tags": {
                "Environment": "Test"
            },
            "sku": {
                "name": "Standard_RAGRS",
                "tier": "Standard"
            },
            "kind": "StorageV2",
            "identity": {
                "principalId": "b093f264-802f-476b-bb5b-b0974a99e94a",
                "tenantId": "923f8b1c-51bd-4517-a37f-df0af243382a",
                "type": "SystemAssigned"
            },
            "properties": {
                "isHnsEnabled": true,
                "networkAcls": {
                    "bypass": "AzureServices",
                    "virtualNetworkRules": [],
                    "ipRules": [],
                    "defaultAction": "Allow"
                },
                "supportsHttpsTrafficOnly": true,
                "encryption": {
                    "keyvaultproperties": {
                        "keyvaulturi": "https://sentiakv.vault.azure.net",
                        "keyname": "SentiaKey",
                        "keyversion": "ca16162f2ffb4ec08887072624999a67"
                    },
                    "services": {
                        "file": {
                            "enabled": true
                        },
                        "blob": {
                            "enabled": true
                        }
                    },
                    "keySource": "Microsoft.Keyvault"
                },
                "accessTier": "Hot"
            }
        },
        {
            "type": "Microsoft.Web/serverfarms",
            "apiVersion": "2016-09-01",
            "name": "[parameters('serverfarms_ASP_SentiaResource_a061_name')]",
            "location": "West Europe",
            "tags": {
                "Environment": "Test",
                "Resource Group": "Application",
                "Geographic Location": "Europe"
            },
            "sku": {
                "name": "S1",
                "tier": "Standard",
                "size": "S1",
                "family": "S",
                "capacity": 2
            },
            "kind": "app",
            "properties": {
                "name": "[parameters('serverfarms_ASP_SentiaResource_a061_name')]",
                "perSiteScaling": false,
                "reserved": false,
                "targetWorkerCount": 0,
                "targetWorkerSizeId": 0
            }
        },
        {
            "type": "Microsoft.Web/serverfarms",
            "apiVersion": "2016-09-01",
            "name": "[parameters('serverfarms_ASP_SentiaResource_a50e_name')]",
            "location": "Central US",
            "tags": {
                "Environment": "Test",
                "Resource Group": "Application",
                "Geographic Location": "America"
            },
            "sku": {
                "name": "S1",
                "tier": "Standard",
                "size": "S1",
                "family": "S",
                "capacity": 2
            },
            "kind": "app",
            "properties": {
                "name": "[parameters('serverfarms_ASP_SentiaResource_a50e_name')]",
                "perSiteScaling": false,
                "reserved": false,
                "targetWorkerCount": 0,
                "targetWorkerSizeId": 0
            }
        },
        {
            "type": "Microsoft.KeyVault/vaults/secrets",
            "apiVersion": "2016-10-01",
            "name": "[concat(parameters('vaults_SentiaKV_name'), '/SentiaAmericaCertificate')]",
            "location": "westeurope",
            "dependsOn": [
                "[resourceId('Microsoft.KeyVault/vaults', parameters('vaults_SentiaKV_name'))]"
            ],
            "properties": {
                "contentType": "application/x-pkcs12",
                "attributes": {
                    "enabled": true,
                    "nbf": 1566735329,
                    "exp": 1598358329
                }
            }
        },
        {
            "type": "Microsoft.KeyVault/vaults/secrets",
            "apiVersion": "2016-10-01",
            "name": "[concat(parameters('vaults_SentiaKV_name'), '/SentiaEuropeCertificate')]",
            "location": "westeurope",
            "dependsOn": [
                "[resourceId('Microsoft.KeyVault/vaults', parameters('vaults_SentiaKV_name'))]"
            ],
            "properties": {
                "contentType": "application/x-pkcs12",
                "attributes": {
                    "enabled": true,
                    "nbf": 1566735452,
                    "exp": 1598358452
                }
            }
        },
        {
            "type": "Microsoft.Network/virtualNetworks/subnets",
            "apiVersion": "2019-06-01",
            "name": "[concat(parameters('virtualNetworks_SentiaPrivateNetworkWE_name'), '/SentiaPrivateSubnet')]",
            "dependsOn": [
                "[resourceId('Microsoft.Network/virtualNetworks', parameters('virtualNetworks_SentiaPrivateNetworkWE_name'))]"
            ],
            "properties": {
                "provisioningState": "Succeeded",
                "addressPrefix": "10.1.0.0/24",
                "delegations": [],
                "privateEndpointNetworkPolicies": "Enabled",
                "privateLinkServiceNetworkPolicies": "Enabled"
            }
        },
        {
            "type": "Microsoft.Storage/storageAccounts/blobServices",
            "apiVersion": "2019-04-01",
            "name": "[concat(parameters('storageAccounts_sentiastorageaccount_name'), '/default')]",
            "dependsOn": [
                "[resourceId('Microsoft.Storage/storageAccounts', parameters('storageAccounts_sentiastorageaccount_name'))]"
            ],
            "properties": {
                "cors": {
                    "corsRules": []
                },
                "deleteRetentionPolicy": {
                    "enabled": false
                }
            }
        },
        {
            "type": "Microsoft.Web/certificates",
            "apiVersion": "2016-03-01",
            "name": "[parameters('certificates_SentiaKV_SentiaAmericaCertificate_name')]",
            "location": "Central US",
            "dependsOn": [
                "[resourceId('Microsoft.KeyVault/vaults', parameters('vaults_SentiaKV_name'))]"
            ],
            "properties": {
                "hostNames": [
                    "sentiaamerica.azurewebsites.net",
                    "sentiatm.trafficmanager.net"
                ],
                "keyVaultId": "[resourceId('Microsoft.KeyVault/vaults', parameters('vaults_SentiaKV_name'))]",
                "keyVaultSecretName": "sentiaamericacertificate"
            }
        },
        {
            "type": "Microsoft.Web/certificates",
            "apiVersion": "2016-03-01",
            "name": "[parameters('certificates_SentiaKV_SentiaEuropeCertificate_name')]",
            "location": "West Europe",
            "dependsOn": [
                "[resourceId('Microsoft.KeyVault/vaults', parameters('vaults_SentiaKV_name'))]"
            ],
            "properties": {
                "hostNames": [
                    "sentiaeurope.azurewebsites.net",
                    "sentiatm.trafficmanager.net"
                ],
                "keyVaultId": "[resourceId('Microsoft.KeyVault/vaults', parameters('vaults_SentiaKV_name'))]",
                "keyVaultSecretName": "sentiaeuropecertificate"
            }
        },
        {
            "type": "Microsoft.Web/sites",
            "apiVersion": "2016-08-01",
            "name": "[parameters('sites_SentiaAmerica_name')]",
            "location": "Central US",
            "dependsOn": [
                "[resourceId('Microsoft.Web/serverfarms', parameters('serverfarms_ASP_SentiaResource_a50e_name'))]"
            ],
            "tags": {
                "Environment": "Test",
                "Resource Group": "Application",
                "Geographic Location": "America"
            },
            "kind": "app",
            "identity": {
                "principalId": "16be5be2-c128-4907-aaa6-c99dd111e5dc",
                "tenantId": "923f8b1c-51bd-4517-a37f-df0af243382a",
                "type": "SystemAssigned"
            },
            "properties": {
                "enabled": true,
                "hostNameSslStates": [
                    {
                        "name": "sentiaamerica.azurewebsites.net",
                        "sslState": "Disabled",
                        "hostType": "Standard"
                    },
                    {
                        "name": "sentiatm.trafficmanager.net",
                        "sslState": "IpBasedEnabled",
                        "virtualIP": "52.173.34.165",
                        "thumbprint": "CF16A327811C7EB83C21841DFA12FDA94BC7A0EF",
                        "hostType": "Standard"
                    },
                    {
                        "name": "sentiaamerica.scm.azurewebsites.net",
                        "sslState": "Disabled",
                        "hostType": "Repository"
                    }
                ],
                "serverFarmId": "[resourceId('Microsoft.Web/serverfarms', parameters('serverfarms_ASP_SentiaResource_a50e_name'))]",
                "reserved": false,
                "scmSiteAlsoStopped": false,
                "clientAffinityEnabled": true,
                "clientCertEnabled": false,
                "hostNamesDisabled": false,
                "containerSize": 0,
                "dailyMemoryTimeQuota": 0,
                "httpsOnly": true
            }
        },
        {
            "type": "Microsoft.Web/sites",
            "apiVersion": "2016-08-01",
            "name": "[parameters('sites_SentiaEurope_name')]",
            "location": "West Europe",
            "dependsOn": [
                "[resourceId('Microsoft.Web/serverfarms', parameters('serverfarms_ASP_SentiaResource_a061_name'))]"
            ],
            "tags": {
                "Environment": "Test",
                "Resource Group": "Test",
                "Geographic Location": "Europe"
            },
            "kind": "app",
            "identity": {
                "principalId": "23b75d57-da1d-46bc-84cb-1f4ce41dde30",
                "tenantId": "923f8b1c-51bd-4517-a37f-df0af243382a",
                "type": "SystemAssigned"
            },
            "properties": {
                "enabled": true,
                "hostNameSslStates": [
                    {
                        "name": "sentiaeurope.azurewebsites.net",
                        "sslState": "Disabled",
                        "hostType": "Standard"
                    },
                    {
                        "name": "sentiatm.trafficmanager.net",
                        "sslState": "IpBasedEnabled",
                        "virtualIP": "40.118.40.49",
                        "thumbprint": "3B1AEC2BAFA464D9FF1B391A33E4640C3970F50E",
                        "hostType": "Standard"
                    },
                    {
                        "name": "sentiaeurope.scm.azurewebsites.net",
                        "sslState": "Disabled",
                        "hostType": "Repository"
                    }
                ],
                "serverFarmId": "[resourceId('Microsoft.Web/serverfarms', parameters('serverfarms_ASP_SentiaResource_a061_name'))]",
                "reserved": false,
                "scmSiteAlsoStopped": false,
                "clientAffinityEnabled": true,
                "clientCertEnabled": false,
                "hostNamesDisabled": false,
                "containerSize": 0,
                "dailyMemoryTimeQuota": 0,
                "httpsOnly": true
            }
        },
        {
            "type": "Microsoft.Web/sites/config",
            "apiVersion": "2016-08-01",
            "name": "[concat(parameters('sites_SentiaAmerica_name'), '/web')]",
            "location": "Central US",
            "dependsOn": [
                "[resourceId('Microsoft.Web/sites', parameters('sites_SentiaAmerica_name'))]"
            ],
            "tags": {
                "Environment": "Test",
                "Resource Group": "Application",
                "Geographic Location": "America"
            },
            "properties": {
                "numberOfWorkers": 1,
                "defaultDocuments": [
                    "Default.htm",
                    "Default.html",
                    "Default.asp",
                    "index.htm",
                    "index.html",
                    "iisstart.htm",
                    "default.aspx",
                    "index.php",
                    "hostingstart.html"
                ],
                "netFrameworkVersion": "v4.0",
                "phpVersion": "5.6",
                "pythonVersion": "",
                "nodeVersion": "",
                "linuxFxVersion": "",
                "requestTracingEnabled": false,
                "remoteDebuggingEnabled": false,
                "remoteDebuggingVersion": "VS2017",
                "httpLoggingEnabled": false,
                "logsDirectorySizeLimit": 35,
                "detailedErrorLoggingEnabled": false,
                "publishingUsername": "$SentiaAmerica",
                "scmType": "None",
                "use32BitWorkerProcess": true,
                "webSocketsEnabled": false,
                "alwaysOn": true,
                "appCommandLine": "",
                "managedPipelineMode": "Integrated",
                "virtualApplications": [
                    {
                        "virtualPath": "/",
                        "physicalPath": "site\\wwwroot",
                        "preloadEnabled": true,
                        "virtualDirectories": null
                    }
                ],
                "winAuthAdminState": 0,
                "winAuthTenantState": 0,
                "customAppPoolIdentityAdminState": false,
                "customAppPoolIdentityTenantState": false,
                "loadBalancing": "LeastRequests",
                "routingRules": [],
                "experiments": {
                    "rampUpRules": []
                },
                "autoHealEnabled": false,
                "vnetName": "",
                "siteAuthEnabled": true,
                "siteAuthSettings": {
                    "enabled": null,
                    "unauthenticatedClientAction": null,
                    "tokenStoreEnabled": null,
                    "allowedExternalRedirectUrls": null,
                    "defaultProvider": null,
                    "clientId": null,
                    "clientSecret": null,
                    "clientSecretCertificateThumbprint": null,
                    "issuer": null,
                    "allowedAudiences": null,
                    "additionalLoginParams": null,
                    "isAadAutoProvisioned": false,
                    "googleClientId": null,
                    "googleClientSecret": null,
                    "googleOAuthScopes": null,
                    "facebookAppId": null,
                    "facebookAppSecret": null,
                    "facebookOAuthScopes": null,
                    "twitterConsumerKey": null,
                    "twitterConsumerSecret": null,
                    "microsoftAccountClientId": null,
                    "microsoftAccountClientSecret": null,
                    "microsoftAccountOAuthScopes": null
                },
                "localMySqlEnabled": false,
                "managedServiceIdentityId": 15588,
                "http20Enabled": false,
                "minTlsVersion": "1.2",
                "ftpsState": "AllAllowed",
                "reservedInstanceCount": 0,
                "fileChangeAuditEnabled": false
            }
        },
        {
            "type": "Microsoft.Web/sites/config",
            "apiVersion": "2016-08-01",
            "name": "[concat(parameters('sites_SentiaEurope_name'), '/web')]",
            "location": "West Europe",
            "dependsOn": [
                "[resourceId('Microsoft.Web/sites', parameters('sites_SentiaEurope_name'))]"
            ],
            "tags": {
                "Environment": "Test",
                "Resource Group": "Test",
                "Geographic Location": "Europe"
            },
            "properties": {
                "numberOfWorkers": 1,
                "defaultDocuments": [
                    "Default.htm",
                    "Default.html",
                    "Default.asp",
                    "index.htm",
                    "index.html",
                    "iisstart.htm",
                    "default.aspx",
                    "index.php",
                    "hostingstart.html"
                ],
                "netFrameworkVersion": "v4.0",
                "phpVersion": "5.6",
                "pythonVersion": "",
                "nodeVersion": "",
                "linuxFxVersion": "",
                "requestTracingEnabled": false,
                "remoteDebuggingEnabled": false,
                "remoteDebuggingVersion": "VS2017",
                "httpLoggingEnabled": false,
                "logsDirectorySizeLimit": 35,
                "detailedErrorLoggingEnabled": false,
                "publishingUsername": "$SentiaEurope",
                "scmType": "None",
                "use32BitWorkerProcess": true,
                "webSocketsEnabled": false,
                "alwaysOn": true,
                "appCommandLine": "",
                "managedPipelineMode": "Integrated",
                "virtualApplications": [
                    {
                        "virtualPath": "/",
                        "physicalPath": "site\\wwwroot",
                        "preloadEnabled": true,
                        "virtualDirectories": null
                    }
                ],
                "winAuthAdminState": 0,
                "winAuthTenantState": 0,
                "customAppPoolIdentityAdminState": false,
                "customAppPoolIdentityTenantState": false,
                "loadBalancing": "LeastRequests",
                "routingRules": [],
                "experiments": {
                    "rampUpRules": []
                },
                "autoHealEnabled": false,
                "vnetName": "",
                "siteAuthEnabled": true,
                "siteAuthSettings": {
                    "enabled": null,
                    "unauthenticatedClientAction": null,
                    "tokenStoreEnabled": null,
                    "allowedExternalRedirectUrls": null,
                    "defaultProvider": null,
                    "clientId": null,
                    "clientSecret": null,
                    "clientSecretCertificateThumbprint": null,
                    "issuer": null,
                    "allowedAudiences": null,
                    "additionalLoginParams": null,
                    "isAadAutoProvisioned": false,
                    "googleClientId": null,
                    "googleClientSecret": null,
                    "googleOAuthScopes": null,
                    "facebookAppId": null,
                    "facebookAppSecret": null,
                    "facebookOAuthScopes": null,
                    "twitterConsumerKey": null,
                    "twitterConsumerSecret": null,
                    "microsoftAccountClientId": null,
                    "microsoftAccountClientSecret": null,
                    "microsoftAccountOAuthScopes": null
                },
                "localMySqlEnabled": false,
                "managedServiceIdentityId": 13540,
                "http20Enabled": false,
                "minTlsVersion": "1.2",
                "ftpsState": "AllAllowed",
                "reservedInstanceCount": 0,
                "fileChangeAuditEnabled": false
            }
        },
        {
            "type": "Microsoft.Web/sites/hostNameBindings",
            "apiVersion": "2016-08-01",
            "name": "[concat(parameters('sites_SentiaAmerica_name'), '/', parameters('sites_SentiaAmerica_name'), '.azurewebsites.net')]",
            "location": "Central US",
            "dependsOn": [
                "[resourceId('Microsoft.Web/sites', parameters('sites_SentiaAmerica_name'))]"
            ],
            "properties": {
                "siteName": "SentiaAmerica",
                "hostNameType": "Verified"
            }
        },
        {
            "type": "Microsoft.Web/sites/hostNameBindings",
            "apiVersion": "2016-08-01",
            "name": "[concat(parameters('sites_SentiaEurope_name'), '/', parameters('sites_SentiaEurope_name'), '.azurewebsites.net')]",
            "location": "West Europe",
            "dependsOn": [
                "[resourceId('Microsoft.Web/sites', parameters('sites_SentiaEurope_name'))]"
            ],
            "properties": {
                "siteName": "SentiaEurope",
                "hostNameType": "Verified"
            }
        },
        {
            "type": "Microsoft.Web/sites/hostNameBindings",
            "apiVersion": "2016-08-01",
            "name": "[concat(parameters('sites_SentiaAmerica_name'), '/sentiatm.trafficmanager.net')]",
            "location": "Central US",
            "dependsOn": [
                "[resourceId('Microsoft.Web/sites', parameters('sites_SentiaAmerica_name'))]"
            ],
            "properties": {
                "siteName": "SentiaAmerica",
                "hostNameType": "Verified",
                "sslState": "IpBasedEnabled",
                "thumbprint": "CF16A327811C7EB83C21841DFA12FDA94BC7A0EF",
                "virtualIP": "52.173.34.165"
            }
        },
        {
            "type": "Microsoft.Web/sites/hostNameBindings",
            "apiVersion": "2016-08-01",
            "name": "[concat(parameters('sites_SentiaEurope_name'), '/sentiatm.trafficmanager.net')]",
            "location": "West Europe",
            "dependsOn": [
                "[resourceId('Microsoft.Web/sites', parameters('sites_SentiaEurope_name'))]"
            ],
            "properties": {
                "siteName": "SentiaEurope",
                "hostNameType": "Verified",
                "sslState": "IpBasedEnabled",
                "thumbprint": "3B1AEC2BAFA464D9FF1B391A33E4640C3970F50E",
                "virtualIP": "40.118.40.49"
            }
        },
        {
            "type": "Microsoft.Network/trafficManagerProfiles",
            "apiVersion": "2018-04-01",
            "name": "[parameters('trafficManagerProfiles_SentiaTM_name')]",
            "location": "global",
            "dependsOn": [
                "[resourceId('Microsoft.Web/sites', parameters('sites_SentiaEurope_name'))]",
                "[resourceId('Microsoft.Web/sites', parameters('sites_SentiaAmerica_name'))]"
            ],
            "tags": {
                "Environment": "Test"
            },
            "properties": {
                "profileStatus": "Enabled",
                "trafficRoutingMethod": "Geographic",
                "dnsConfig": {
                    "relativeName": "sentiatm",
                    "ttl": 60
                },
                "monitorConfig": {
                    "protocol": "HTTPS",
                    "port": 443,
                    "path": "/",
                    "intervalInSeconds": 30,
                    "toleratedNumberOfFailures": 3,
                    "timeoutInSeconds": 10
                },
                "endpoints": [
                    {
                        "id": "[concat(resourceId('Microsoft.Network/trafficManagerProfiles', parameters('trafficManagerProfiles_SentiaTM_name')), '/azureEndpoints/SentiaEurope')]",
                        "name": "SentiaEurope",
                        "type": "Microsoft.Network/trafficManagerProfiles/azureEndpoints",
                        "properties": {
                            "endpointStatus": "Enabled",
                            "targetResourceId": "[resourceId('Microsoft.Web/sites', parameters('sites_SentiaEurope_name'))]",
                            "target": "sentiaeurope.azurewebsites.net",
                            "weight": 1,
                            "priority": 1,
                            "endpointLocation": "West Europe",
                            "geoMapping": [
                                "GEO-EU"
                            ]
                        }
                    },
                    {
                        "id": "[concat(resourceId('Microsoft.Network/trafficManagerProfiles', parameters('trafficManagerProfiles_SentiaTM_name')), '/azureEndpoints/SentiaAmerica')]",
                        "name": "SentiaAmerica",
                        "type": "Microsoft.Network/trafficManagerProfiles/azureEndpoints",
                        "properties": {
                            "endpointStatus": "Enabled",
                            "targetResourceId": "[resourceId('Microsoft.Web/sites', parameters('sites_SentiaAmerica_name'))]",
                            "target": "sentiaamerica.azurewebsites.net",
                            "weight": 1,
                            "priority": 2,
                            "endpointLocation": "Central US",
                            "geoMapping": [
                                "GEO-NA",
                                "GEO-SA"
                            ]
                        }
                    }
                ],
                "trafficViewEnrollmentStatus": "Disabled"
            }
        }
    ]
}